[
{
    "model": "workflows.workflow",
    "pk": 1,
    "fields": {
        "name": "Default Workflow",
        "description": ""
    }
},
{
    "model": "workflows.status",
    "pk": 1,
    "fields": {
        "name": "Backlog",
        "color": ""
    }
},
{
    "model": "workflows.status",
    "pk": 2,
    "fields": {
        "name": "In Progress",
        "color": ""
    }
},
{
    "model": "workflows.status",
    "pk": 3,
    "fields": {
        "name": "Done",
        "color": ""
    }
},
{
    "model": "workflows.transition",
    "pk": 1,
    "fields": {
        "name": "Done",
        "workflow": 1,
        "to_status": 3,
        "from_status": 2
    }
},
{
    "model": "workflows.transition",
    "pk": 2,
    "fields": {
        "name": "In Progress",
        "workflow": 1,
        "to_status": 2,
        "from_status": 1
    }
},
{
    "model": "workflows.transition",
    "pk": 3,
    "fields": {
        "name": "Create",
        "workflow": 1,
        "to_status": 1,
        "from_status": null
    }
},
{
    "model": "tickets.tickettype",
    "pk": 1,
    "fields": {
        "name": "Bug"
    }
},
{
    "model": "tickets.tickettype",
    "pk": 2,
    "fields": {
        "name": "Epic"
    }
},
{
    "model": "tickets.tickettype",
    "pk": 3,
    "fields": {
        "name": "Feature"
    }
},
{
    "model": "auth.permission",
    "pk": 1,
    "fields": {
        "name": "Can add group object permission",
        "content_type": 1,
        "codename": "add_groupobjectpermission"
    }
},
{
    "model": "auth.permission",
    "pk": 2,
    "fields": {
        "name": "Can change group object permission",
        "content_type": 1,
        "codename": "change_groupobjectpermission"
    }
},
{
    "model": "auth.permission",
    "pk": 3,
    "fields": {
        "name": "Can delete group object permission",
        "content_type": 1,
        "codename": "delete_groupobjectpermission"
    }
},
{
    "model": "auth.permission",
    "pk": 4,
    "fields": {
        "name": "Can add user object permission",
        "content_type": 2,
        "codename": "add_userobjectpermission"
    }
},
{
    "model": "auth.permission",
    "pk": 5,
    "fields": {
        "name": "Can change user object permission",
        "content_type": 2,
        "codename": "change_userobjectpermission"
    }
},
{
    "model": "auth.permission",
    "pk": 6,
    "fields": {
        "name": "Can delete user object permission",
        "content_type": 2,
        "codename": "delete_userobjectpermission"
    }
},
{
    "model": "auth.permission",
    "pk": 7,
    "fields": {
        "name": "Can add project",
        "content_type": 3,
        "codename": "add_project"
    }
},
{
    "model": "auth.permission",
    "pk": 8,
    "fields": {
        "name": "Can change project",
        "content_type": 3,
        "codename": "change_project"
    }
},
{
    "model": "auth.permission",
    "pk": 9,
    "fields": {
        "name": "Can delete project",
        "content_type": 3,
        "codename": "delete_project"
    }
},
{
    "model": "auth.permission",
    "pk": 10,
    "fields": {
        "name": "Ability to admin the project.",
        "content_type": 3,
        "codename": "admin_project"
    }
},
{
    "model": "auth.permission",
    "pk": 11,
    "fields": {
        "name": "Ability to view the project.",
        "content_type": 3,
        "codename": "view_project"
    }
},
{
    "model": "auth.permission",
    "pk": 12,
    "fields": {
        "name": "Ability to create content within the project.",
        "content_type": 3,
        "codename": "create_content"
    }
},
{
    "model": "auth.permission",
    "pk": 13,
    "fields": {
        "name": "Ability to edit content within the project.",
        "content_type": 3,
        "codename": "edit_content"
    }
},
{
    "model": "auth.permission",
    "pk": 14,
    "fields": {
        "name": "Ability to comment on content within the project.",
        "content_type": 3,
        "codename": "comment_content"
    }
},
{
    "model": "auth.permission",
    "pk": 15,
    "fields": {
        "name": "Can add transition",
        "content_type": 4,
        "codename": "add_transition"
    }
},
{
    "model": "auth.permission",
    "pk": 16,
    "fields": {
        "name": "Can change transition",
        "content_type": 4,
        "codename": "change_transition"
    }
},
{
    "model": "auth.permission",
    "pk": 17,
    "fields": {
        "name": "Can delete transition",
        "content_type": 4,
        "codename": "delete_transition"
    }
},
{
    "model": "auth.permission",
    "pk": 18,
    "fields": {
        "name": "Can add workflow",
        "content_type": 5,
        "codename": "add_workflow"
    }
},
{
    "model": "auth.permission",
    "pk": 19,
    "fields": {
        "name": "Can change workflow",
        "content_type": 5,
        "codename": "change_workflow"
    }
},
{
    "model": "auth.permission",
    "pk": 20,
    "fields": {
        "name": "Can delete workflow",
        "content_type": 5,
        "codename": "delete_workflow"
    }
},
{
    "model": "auth.permission",
    "pk": 21,
    "fields": {
        "name": "Can add status",
        "content_type": 6,
        "codename": "add_status"
    }
},
{
    "model": "auth.permission",
    "pk": 22,
    "fields": {
        "name": "Can change status",
        "content_type": 6,
        "codename": "change_status"
    }
},
{
    "model": "auth.permission",
    "pk": 23,
    "fields": {
        "name": "Can delete status",
        "content_type": 6,
        "codename": "delete_status"
    }
},
{
    "model": "auth.permission",
    "pk": 24,
    "fields": {
        "name": "Can add comment",
        "content_type": 7,
        "codename": "add_comment"
    }
},
{
    "model": "auth.permission",
    "pk": 25,
    "fields": {
        "name": "Can change comment",
        "content_type": 7,
        "codename": "change_comment"
    }
},
{
    "model": "auth.permission",
    "pk": 26,
    "fields": {
        "name": "Can delete comment",
        "content_type": 7,
        "codename": "delete_comment"
    }
},
{
    "model": "auth.permission",
    "pk": 27,
    "fields": {
        "name": "Can add ticket",
        "content_type": 8,
        "codename": "add_ticket"
    }
},
{
    "model": "auth.permission",
    "pk": 28,
    "fields": {
        "name": "Can change ticket",
        "content_type": 8,
        "codename": "change_ticket"
    }
},
{
    "model": "auth.permission",
    "pk": 29,
    "fields": {
        "name": "Can delete ticket",
        "content_type": 8,
        "codename": "delete_ticket"
    }
},
{
    "model": "auth.permission",
    "pk": 30,
    "fields": {
        "name": "Can add ticket type",
        "content_type": 9,
        "codename": "add_tickettype"
    }
},
{
    "model": "auth.permission",
    "pk": 31,
    "fields": {
        "name": "Can change ticket type",
        "content_type": 9,
        "codename": "change_tickettype"
    }
},
{
    "model": "auth.permission",
    "pk": 32,
    "fields": {
        "name": "Can delete ticket type",
        "content_type": 9,
        "codename": "delete_tickettype"
    }
},
{
    "model": "auth.permission",
    "pk": 33,
    "fields": {
        "name": "Can add field option",
        "content_type": 10,
        "codename": "add_fieldoption"
    }
},
{
    "model": "auth.permission",
    "pk": 34,
    "fields": {
        "name": "Can change field option",
        "content_type": 10,
        "codename": "change_fieldoption"
    }
},
{
    "model": "auth.permission",
    "pk": 35,
    "fields": {
        "name": "Can delete field option",
        "content_type": 10,
        "codename": "delete_fieldoption"
    }
},
{
    "model": "auth.permission",
    "pk": 36,
    "fields": {
        "name": "Can add field",
        "content_type": 11,
        "codename": "add_field"
    }
},
{
    "model": "auth.permission",
    "pk": 37,
    "fields": {
        "name": "Can change field",
        "content_type": 11,
        "codename": "change_field"
    }
},
{
    "model": "auth.permission",
    "pk": 38,
    "fields": {
        "name": "Can delete field",
        "content_type": 11,
        "codename": "delete_field"
    }
},
{
    "model": "auth.permission",
    "pk": 39,
    "fields": {
        "name": "Can add field value",
        "content_type": 12,
        "codename": "add_fieldvalue"
    }
},
{
    "model": "auth.permission",
    "pk": 40,
    "fields": {
        "name": "Can change field value",
        "content_type": 12,
        "codename": "change_fieldvalue"
    }
},
{
    "model": "auth.permission",
    "pk": 41,
    "fields": {
        "name": "Can delete field value",
        "content_type": 12,
        "codename": "delete_fieldvalue"
    }
},
{
    "model": "auth.permission",
    "pk": 42,
    "fields": {
        "name": "Can add log entry",
        "content_type": 13,
        "codename": "add_logentry"
    }
},
{
    "model": "auth.permission",
    "pk": 43,
    "fields": {
        "name": "Can change log entry",
        "content_type": 13,
        "codename": "change_logentry"
    }
},
{
    "model": "auth.permission",
    "pk": 44,
    "fields": {
        "name": "Can delete log entry",
        "content_type": 13,
        "codename": "delete_logentry"
    }
},
{
    "model": "auth.permission",
    "pk": 45,
    "fields": {
        "name": "Can add user",
        "content_type": 14,
        "codename": "add_user"
    }
},
{
    "model": "auth.permission",
    "pk": 46,
    "fields": {
        "name": "Can change user",
        "content_type": 14,
        "codename": "change_user"
    }
},
{
    "model": "auth.permission",
    "pk": 47,
    "fields": {
        "name": "Can delete user",
        "content_type": 14,
        "codename": "delete_user"
    }
},
{
    "model": "auth.permission",
    "pk": 48,
    "fields": {
        "name": "Can add permission",
        "content_type": 15,
        "codename": "add_permission"
    }
},
{
    "model": "auth.permission",
    "pk": 49,
    "fields": {
        "name": "Can change permission",
        "content_type": 15,
        "codename": "change_permission"
    }
},
{
    "model": "auth.permission",
    "pk": 50,
    "fields": {
        "name": "Can delete permission",
        "content_type": 15,
        "codename": "delete_permission"
    }
},
{
    "model": "auth.permission",
    "pk": 51,
    "fields": {
        "name": "Can add group",
        "content_type": 16,
        "codename": "add_group"
    }
},
{
    "model": "auth.permission",
    "pk": 52,
    "fields": {
        "name": "Can change group",
        "content_type": 16,
        "codename": "change_group"
    }
},
{
    "model": "auth.permission",
    "pk": 53,
    "fields": {
        "name": "Can delete group",
        "content_type": 16,
        "codename": "delete_group"
    }
},
{
    "model": "auth.permission",
    "pk": 54,
    "fields": {
        "name": "Can add content type",
        "content_type": 17,
        "codename": "add_contenttype"
    }
},
{
    "model": "auth.permission",
    "pk": 55,
    "fields": {
        "name": "Can change content type",
        "content_type": 17,
        "codename": "change_contenttype"
    }
},
{
    "model": "auth.permission",
    "pk": 56,
    "fields": {
        "name": "Can delete content type",
        "content_type": 17,
        "codename": "delete_contenttype"
    }
},
{
    "model": "auth.permission",
    "pk": 57,
    "fields": {
        "name": "Can add session",
        "content_type": 18,
        "codename": "add_session"
    }
},
{
    "model": "auth.permission",
    "pk": 58,
    "fields": {
        "name": "Can change session",
        "content_type": 18,
        "codename": "change_session"
    }
},
{
    "model": "auth.permission",
    "pk": 59,
    "fields": {
        "name": "Can delete session",
        "content_type": 18,
        "codename": "delete_session"
    }
},
{
    "model": "auth.user",
    "pk": 1,
    "fields": {
        "password": "!4qQt4sidAd0qPmGeZKlXYQXkqMT5Agrksm6l8zRO",
        "last_login": null,
        "is_superuser": false,
        "username": "AnonymousUser",
        "first_name": "",
        "last_name": "",
        "email": "",
        "is_staff": false,
        "is_active": true,
        "date_joined": "2017-06-11T00:46:47.207Z",
        "groups": [],
        "user_permissions": []
    }
},
{
    "model": "auth.user",
    "pk": 2,
    "fields": {
        "password": "pbkdf2_sha256$36000$93jMH1JzCF5r$RZhQapF1rGetnmX7wWwtt54f8qI4DcFgh84ca3uCmjY=",
        "last_login": null,
        "is_superuser": true,
        "username": "testadmin",
        "first_name": "Test",
        "last_name": "Testerson II",
        "email": "test@example.com",
        "is_staff": true,
        "is_active": true,
        "date_joined": "2017-06-11T00:46:50.078Z",
        "groups": [],
        "user_permissions": []
    }
},
{
    "model": "auth.user",
    "pk": 3,
    "fields": {
        "password": "pbkdf2_sha256$36000$MrDLzWrrCozl$Bf0Zsa5/bgK3g6OSKstSKU1OPfoshx0pO0XHBoxHqxw=",
        "last_login": null,
        "is_superuser": false,
        "username": "testuser",
        "first_name": "Test",
        "last_name": "Testerson",
        "email": "test@example.com",
        "is_staff": false,
        "is_active": true,
        "date_joined": "2017-06-11T00:46:50.140Z",
        "groups": [],
        "user_permissions": []
    }
},
{
    "model": "tickets.comment",
    "pk": 1,
    "fields": {
        "body": "\"This is the %d th comment\n\n# Yo Dawg\n\n**I** *heard* you\n\n> like markdown\n\nso I put markdown in your comment",
        "author": 3,
        "ticket": 1,
        "created_at": "2017-06-11T00:46:50.268Z",
        "updated_at": "2017-06-11T00:46:50.268Z"
    }
},
{
    "model": "tickets.comment",
    "pk": 2,
    "fields": {
        "body": "\"This is the %d th comment\n\n# Yo Dawg\n\n**I** *heard* you\n\n> like markdown\n\nso I put markdown in your comment",
        "author": 3,
        "ticket": 1,
        "created_at": "2017-06-11T00:46:50.270Z",
        "updated_at": "2017-06-11T00:46:50.270Z"
    }
},
{
    "model": "tickets.comment",
    "pk": 3,
    "fields": {
        "body": "\"This is the %d th comment\n\n# Yo Dawg\n\n**I** *heard* you\n\n> like markdown\n\nso I put markdown in your comment",
        "author": 2,
        "ticket": 1,
        "created_at": "2017-06-11T00:46:50.272Z",
        "updated_at": "2017-06-11T00:46:50.272Z"
    }
},
{
    "model": "tickets.comment",
    "pk": 4,
    "fields": {
        "body": "\"This is the %d th comment\n\n# Yo Dawg\n\n**I** *heard* you\n\n> like markdown\n\nso I put markdown in your comment",
        "author": 3,
        "ticket": 1,
        "created_at": "2017-06-11T00:46:50.273Z",
        "updated_at": "2017-06-11T00:46:50.273Z"
    }
},
{
    "model": "tickets.comment",
    "pk": 5,
    "fields": {
        "body": "\"This is the %d th comment\n\n# Yo Dawg\n\n**I** *heard* you\n\n> like markdown\n\nso I put markdown in your comment",
        "author": 2,
        "ticket": 1,
        "created_at": "2017-06-11T00:46:50.275Z",
        "updated_at": "2017-06-11T00:46:50.275Z"
    }
},
{
    "model": "tickets.comment",
    "pk": 6,
    "fields": {
        "body": "\"This is the %d th comment\n\n# Yo Dawg\n\n**I** *heard* you\n\n> like markdown\n\nso I put markdown in your comment",
        "author": 3,
        "ticket": 1,
        "created_at": "2017-06-11T00:46:50.277Z",
        "updated_at": "2017-06-11T00:46:50.277Z"
    }
},
{
    "model": "tickets.comment",
    "pk": 7,
    "fields": {
        "body": "\"This is the %d th comment\n\n# Yo Dawg\n\n**I** *heard* you\n\n> like markdown\n\nso I put markdown in your comment",
        "author": 3,
        "ticket": 1,
        "created_at": "2017-06-11T00:46:50.279Z",
        "updated_at": "2017-06-11T00:46:50.279Z"
    }
},
{
    "model": "tickets.comment",
    "pk": 8,
    "fields": {
        "body": "\"This is the %d th comment\n\n# Yo Dawg\n\n**I** *heard* you\n\n> like markdown\n\nso I put markdown in your comment",
        "author": 3,
        "ticket": 1,
        "created_at": "2017-06-11T00:46:50.280Z",
        "updated_at": "2017-06-11T00:46:50.280Z"
    }
},
{
    "model": "tickets.comment",
    "pk": 9,
    "fields": {
        "body": "\"This is the %d th comment\n\n# Yo Dawg\n\n**I** *heard* you\n\n> like markdown\n\nso I put markdown in your comment",
        "author": 3,
        "ticket": 1,
        "created_at": "2017-06-11T00:46:50.282Z",
        "updated_at": "2017-06-11T00:46:50.282Z"
    }
},
{
    "model": "tickets.comment",
    "pk": 10,
    "fields": {
        "body": "\"This is the %d th comment\n\n# Yo Dawg\n\n**I** *heard* you\n\n> like markdown\n\nso I put markdown in your comment",
        "author": 3,
        "ticket": 1,
        "created_at": "2017-06-11T00:46:50.283Z",
        "updated_at": "2017-06-11T00:46:50.283Z"
    }
},
{
    "model": "tickets.comment",
    "pk": 11,
    "fields": {
        "body": "\"This is the %d th comment\n\n# Yo Dawg\n\n**I** *heard* you\n\n> like markdown\n\nso I put markdown in your comment",
        "author": 3,
        "ticket": 1,
        "created_at": "2017-06-11T00:46:50.285Z",
        "updated_at": "2017-06-11T00:46:50.285Z"
    }
},
{
    "model": "tickets.comment",
    "pk": 12,
    "fields": {
        "body": "\"This is the %d th comment\n\n# Yo Dawg\n\n**I** *heard* you\n\n> like markdown\n\nso I put markdown in your comment",
        "author": 3,
        "ticket": 1,
        "created_at": "2017-06-11T00:46:50.286Z",
        "updated_at": "2017-06-11T00:46:50.286Z"
    }
},
{
    "model": "tickets.comment",
    "pk": 13,
    "fields": {
        "body": "\"This is the %d th comment\n\n# Yo Dawg\n\n**I** *heard* you\n\n> like markdown\n\nso I put markdown in your comment",
        "author": 3,
        "ticket": 1,
        "created_at": "2017-06-11T00:46:50.288Z",
        "updated_at": "2017-06-11T00:46:50.288Z"
    }
},
{
    "model": "tickets.comment",
    "pk": 14,
    "fields": {
        "body": "\"This is the %d th comment\n\n# Yo Dawg\n\n**I** *heard* you\n\n> like markdown\n\nso I put markdown in your comment",
        "author": 3,
        "ticket": 1,
        "created_at": "2017-06-11T00:46:50.289Z",
        "updated_at": "2017-06-11T00:46:50.289Z"
    }
},
{
    "model": "tickets.comment",
    "pk": 15,
    "fields": {
        "body": "\"This is the %d th comment\n\n# Yo Dawg\n\n**I** *heard* you\n\n> like markdown\n\nso I put markdown in your comment",
        "author": 2,
        "ticket": 1,
        "created_at": "2017-06-11T00:46:50.291Z",
        "updated_at": "2017-06-11T00:46:50.291Z"
    }
},
{
    "model": "tickets.comment",
    "pk": 16,
    "fields": {
        "body": "\"This is the %d th comment\n\n# Yo Dawg\n\n**I** *heard* you\n\n> like markdown\n\nso I put markdown in your comment",
        "author": 2,
        "ticket": 1,
        "created_at": "2017-06-11T00:46:50.292Z",
        "updated_at": "2017-06-11T00:46:50.292Z"
    }
},
{
    "model": "tickets.comment",
    "pk": 17,
    "fields": {
        "body": "\"This is the %d th comment\n\n# Yo Dawg\n\n**I** *heard* you\n\n> like markdown\n\nso I put markdown in your comment",
        "author": 3,
        "ticket": 1,
        "created_at": "2017-06-11T00:46:50.294Z",
        "updated_at": "2017-06-11T00:46:50.294Z"
    }
},
{
    "model": "tickets.comment",
    "pk": 18,
    "fields": {
        "body": "\"This is the %d th comment\n\n# Yo Dawg\n\n**I** *heard* you\n\n> like markdown\n\nso I put markdown in your comment",
        "author": 3,
        "ticket": 1,
        "created_at": "2017-06-11T00:46:50.296Z",
        "updated_at": "2017-06-11T00:46:50.296Z"
    }
},
{
    "model": "tickets.comment",
    "pk": 19,
    "fields": {
        "body": "\"This is the %d th comment\n\n# Yo Dawg\n\n**I** *heard* you\n\n> like markdown\n\nso I put markdown in your comment",
        "author": 3,
        "ticket": 1,
        "created_at": "2017-06-11T00:46:50.300Z",
        "updated_at": "2017-06-11T00:46:50.300Z"
    }
},
{
    "model": "tickets.comment",
    "pk": 20,
    "fields": {
        "body": "\"This is the %d th comment\n\n# Yo Dawg\n\n**I** *heard* you\n\n> like markdown\n\nso I put markdown in your comment",
        "author": 3,
        "ticket": 1,
        "created_at": "2017-06-11T00:46:50.303Z",
        "updated_at": "2017-06-11T00:46:50.303Z"
    }
},
{
    "model": "tickets.comment",
    "pk": 21,
    "fields": {
        "body": "\"This is the %d th comment\n\n# Yo Dawg\n\n**I** *heard* you\n\n> like markdown\n\nso I put markdown in your comment",
        "author": 3,
        "ticket": 1,
        "created_at": "2017-06-11T00:46:50.306Z",
        "updated_at": "2017-06-11T00:46:50.306Z"
    }
},
{
    "model": "tickets.comment",
    "pk": 22,
    "fields": {
        "body": "\"This is the %d th comment\n\n# Yo Dawg\n\n**I** *heard* you\n\n> like markdown\n\nso I put markdown in your comment",
        "author": 2,
        "ticket": 1,
        "created_at": "2017-06-11T00:46:50.309Z",
        "updated_at": "2017-06-11T00:46:50.309Z"
    }
},
{
    "model": "tickets.comment",
    "pk": 23,
    "fields": {
        "body": "\"This is the %d th comment\n\n# Yo Dawg\n\n**I** *heard* you\n\n> like markdown\n\nso I put markdown in your comment",
        "author": 2,
        "ticket": 1,
        "created_at": "2017-06-11T00:46:50.313Z",
        "updated_at": "2017-06-11T00:46:50.313Z"
    }
},
{
    "model": "tickets.comment",
    "pk": 24,
    "fields": {
        "body": "\"This is the %d th comment\n\n# Yo Dawg\n\n**I** *heard* you\n\n> like markdown\n\nso I put markdown in your comment",
        "author": 3,
        "ticket": 1,
        "created_at": "2017-06-11T00:46:50.316Z",
        "updated_at": "2017-06-11T00:46:50.316Z"
    }
},
{
    "model": "tickets.comment",
    "pk": 25,
    "fields": {
        "body": "\"This is the %d th comment\n\n# Yo Dawg\n\n**I** *heard* you\n\n> like markdown\n\nso I put markdown in your comment",
        "author": 2,
        "ticket": 1,
        "created_at": "2017-06-11T00:46:50.319Z",
        "updated_at": "2017-06-11T00:46:50.319Z"
    }
},
{
    "model": "tickets.ticket",
    "pk": 1,
    "fields": {
        "key": "TEST-1",
        "summary": "This is ticket #1",
        "description": "\n# Utque erant et edentem suoque nox fertur\n\n## Tegi aurum inridet flumine auras natas vulnus\n\nLorem markdownum misit sudor, sine eodem libratum munus aristis tutos, hac.\nLonge mens vultus iurgia Iovem difficilis suus; ut erat mollis robore terga ei\nperque! Quae quos sacrorum custodit quaecumque harena fallis et modo hinc\n[recessu](http://venerat.com/), superorum Peleus, temptamenta. **Pudore** Sparte\nlentisciferumque nataque inpulsos et ille novat haec sollicitare Plura, levis\nvellet valuit, summo dum lutea viso. Solebat lintea ingentibus capillis dicta\nParidis seque quoquam [poposcit in](http://per.net/) Tempe vivacem.\n\n1. Nate nulli\n2. Coniunx hausi nunc Quirini Othrys\n3. Caede nascuntur ubera congreditur vincula ubi regis\n4. Spatium pectore amplexus ferunt ille instat cultores\n\nIllo dolores voluit Achaemenias unde theatris paventem secum ineamus minacia\nretro. Duplicataque siste suo recessit; opes albus moribunda referentem animam\nnulloque domini et laborent hac?\n\n## Senecta finita\n\nIovi nec aperire mihi mira respondit, qui exit vulnere aeterno dixerunt dat\ncorpus? Erit terrae, avidas; sola plenum, cauda edax et referre. Quater posuere:\nfacit mihi primaque remanet parte, eundo.\n",
        "project": 1,
        "reporter": 2,
        "assignee": 2,
        "ticket_type": 2,
        "status": 1,
        "workflow": 1,
        "created_at": "2017-06-11T00:46:50.202Z",
        "updated_at": "2017-06-11T00:46:50.202Z"
    }
},
{
    "model": "tickets.ticket",
    "pk": 2,
    "fields": {
        "key": "TEST-2",
        "summary": "This is ticket #2",
        "description": "\n# Utque erant et edentem suoque nox fertur\n\n## Tegi aurum inridet flumine auras natas vulnus\n\nLorem markdownum misit sudor, sine eodem libratum munus aristis tutos, hac.\nLonge mens vultus iurgia Iovem difficilis suus; ut erat mollis robore terga ei\nperque! Quae quos sacrorum custodit quaecumque harena fallis et modo hinc\n[recessu](http://venerat.com/), superorum Peleus, temptamenta. **Pudore** Sparte\nlentisciferumque nataque inpulsos et ille novat haec sollicitare Plura, levis\nvellet valuit, summo dum lutea viso. Solebat lintea ingentibus capillis dicta\nParidis seque quoquam [poposcit in](http://per.net/) Tempe vivacem.\n\n1. Nate nulli\n2. Coniunx hausi nunc Quirini Othrys\n3. Caede nascuntur ubera congreditur vincula ubi regis\n4. Spatium pectore amplexus ferunt ille instat cultores\n\nIllo dolores voluit Achaemenias unde theatris paventem secum ineamus minacia\nretro. Duplicataque siste suo recessit; opes albus moribunda referentem animam\nnulloque domini et laborent hac?\n\n## Senecta finita\n\nIovi nec aperire mihi mira respondit, qui exit vulnere aeterno dixerunt dat\ncorpus? Erit terrae, avidas; sola plenum, cauda edax et referre. Quater posuere:\nfacit mihi primaque remanet parte, eundo.\n",
        "project": 1,
        "reporter": 2,
        "assignee": 2,
        "ticket_type": 1,
        "status": 1,
        "workflow": 1,
        "created_at": "2017-06-11T00:46:50.207Z",
        "updated_at": "2017-06-11T00:46:50.207Z"
    }
},
{
    "model": "tickets.ticket",
    "pk": 3,
    "fields": {
        "key": "TEST-3",
        "summary": "This is ticket #3",
        "description": "\n# Utque erant et edentem suoque nox fertur\n\n## Tegi aurum inridet flumine auras natas vulnus\n\nLorem markdownum misit sudor, sine eodem libratum munus aristis tutos, hac.\nLonge mens vultus iurgia Iovem difficilis suus; ut erat mollis robore terga ei\nperque! Quae quos sacrorum custodit quaecumque harena fallis et modo hinc\n[recessu](http://venerat.com/), superorum Peleus, temptamenta. **Pudore** Sparte\nlentisciferumque nataque inpulsos et ille novat haec sollicitare Plura, levis\nvellet valuit, summo dum lutea viso. Solebat lintea ingentibus capillis dicta\nParidis seque quoquam [poposcit in](http://per.net/) Tempe vivacem.\n\n1. Nate nulli\n2. Coniunx hausi nunc Quirini Othrys\n3. Caede nascuntur ubera congreditur vincula ubi regis\n4. Spatium pectore amplexus ferunt ille instat cultores\n\nIllo dolores voluit Achaemenias unde theatris paventem secum ineamus minacia\nretro. Duplicataque siste suo recessit; opes albus moribunda referentem animam\nnulloque domini et laborent hac?\n\n## Senecta finita\n\nIovi nec aperire mihi mira respondit, qui exit vulnere aeterno dixerunt dat\ncorpus? Erit terrae, avidas; sola plenum, cauda edax et referre. Quater posuere:\nfacit mihi primaque remanet parte, eundo.\n",
        "project": 1,
        "reporter": 2,
        "assignee": 3,
        "ticket_type": 3,
        "status": 1,
        "workflow": 1,
        "created_at": "2017-06-11T00:46:50.210Z",
        "updated_at": "2017-06-11T00:46:50.210Z"
    }
},
{
    "model": "tickets.ticket",
    "pk": 4,
    "fields": {
        "key": "TEST-4",
        "summary": "This is ticket #4",
        "description": "\n# Utque erant et edentem suoque nox fertur\n\n## Tegi aurum inridet flumine auras natas vulnus\n\nLorem markdownum misit sudor, sine eodem libratum munus aristis tutos, hac.\nLonge mens vultus iurgia Iovem difficilis suus; ut erat mollis robore terga ei\nperque! Quae quos sacrorum custodit quaecumque harena fallis et modo hinc\n[recessu](http://venerat.com/), superorum Peleus, temptamenta. **Pudore** Sparte\nlentisciferumque nataque inpulsos et ille novat haec sollicitare Plura, levis\nvellet valuit, summo dum lutea viso. Solebat lintea ingentibus capillis dicta\nParidis seque quoquam [poposcit in](http://per.net/) Tempe vivacem.\n\n1. Nate nulli\n2. Coniunx hausi nunc Quirini Othrys\n3. Caede nascuntur ubera congreditur vincula ubi regis\n4. Spatium pectore amplexus ferunt ille instat cultores\n\nIllo dolores voluit Achaemenias unde theatris paventem secum ineamus minacia\nretro. Duplicataque siste suo recessit; opes albus moribunda referentem animam\nnulloque domini et laborent hac?\n\n## Senecta finita\n\nIovi nec aperire mihi mira respondit, qui exit vulnere aeterno dixerunt dat\ncorpus? Erit terrae, avidas; sola plenum, cauda edax et referre. Quater posuere:\nfacit mihi primaque remanet parte, eundo.\n",
        "project": 1,
        "reporter": 2,
        "assignee": 2,
        "ticket_type": 2,
        "status": 1,
        "workflow": 1,
        "created_at": "2017-06-11T00:46:50.212Z",
        "updated_at": "2017-06-11T00:46:50.213Z"
    }
},
{
    "model": "tickets.ticket",
    "pk": 5,
    "fields": {
        "key": "TEST-5",
        "summary": "This is ticket #5",
        "description": "\n# Utque erant et edentem suoque nox fertur\n\n## Tegi aurum inridet flumine auras natas vulnus\n\nLorem markdownum misit sudor, sine eodem libratum munus aristis tutos, hac.\nLonge mens vultus iurgia Iovem difficilis suus; ut erat mollis robore terga ei\nperque! Quae quos sacrorum custodit quaecumque harena fallis et modo hinc\n[recessu](http://venerat.com/), superorum Peleus, temptamenta. **Pudore** Sparte\nlentisciferumque nataque inpulsos et ille novat haec sollicitare Plura, levis\nvellet valuit, summo dum lutea viso. Solebat lintea ingentibus capillis dicta\nParidis seque quoquam [poposcit in](http://per.net/) Tempe vivacem.\n\n1. Nate nulli\n2. Coniunx hausi nunc Quirini Othrys\n3. Caede nascuntur ubera congreditur vincula ubi regis\n4. Spatium pectore amplexus ferunt ille instat cultores\n\nIllo dolores voluit Achaemenias unde theatris paventem secum ineamus minacia\nretro. Duplicataque siste suo recessit; opes albus moribunda referentem animam\nnulloque domini et laborent hac?\n\n## Senecta finita\n\nIovi nec aperire mihi mira respondit, qui exit vulnere aeterno dixerunt dat\ncorpus? Erit terrae, avidas; sola plenum, cauda edax et referre. Quater posuere:\nfacit mihi primaque remanet parte, eundo.\n",
        "project": 1,
        "reporter": 2,
        "assignee": 2,
        "ticket_type": 3,
        "status": 1,
        "workflow": 1,
        "created_at": "2017-06-11T00:46:50.215Z",
        "updated_at": "2017-06-11T00:46:50.215Z"
    }
},
{
    "model": "tickets.ticket",
    "pk": 6,
    "fields": {
        "key": "TEST-6",
        "summary": "This is ticket #6",
        "description": "\n# Utque erant et edentem suoque nox fertur\n\n## Tegi aurum inridet flumine auras natas vulnus\n\nLorem markdownum misit sudor, sine eodem libratum munus aristis tutos, hac.\nLonge mens vultus iurgia Iovem difficilis suus; ut erat mollis robore terga ei\nperque! Quae quos sacrorum custodit quaecumque harena fallis et modo hinc\n[recessu](http://venerat.com/), superorum Peleus, temptamenta. **Pudore** Sparte\nlentisciferumque nataque inpulsos et ille novat haec sollicitare Plura, levis\nvellet valuit, summo dum lutea viso. Solebat lintea ingentibus capillis dicta\nParidis seque quoquam [poposcit in](http://per.net/) Tempe vivacem.\n\n1. Nate nulli\n2. Coniunx hausi nunc Quirini Othrys\n3. Caede nascuntur ubera congreditur vincula ubi regis\n4. Spatium pectore amplexus ferunt ille instat cultores\n\nIllo dolores voluit Achaemenias unde theatris paventem secum ineamus minacia\nretro. Duplicataque siste suo recessit; opes albus moribunda referentem animam\nnulloque domini et laborent hac?\n\n## Senecta finita\n\nIovi nec aperire mihi mira respondit, qui exit vulnere aeterno dixerunt dat\ncorpus? Erit terrae, avidas; sola plenum, cauda edax et referre. Quater posuere:\nfacit mihi primaque remanet parte, eundo.\n",
        "project": 1,
        "reporter": 3,
        "assignee": 2,
        "ticket_type": 3,
        "status": 1,
        "workflow": 1,
        "created_at": "2017-06-11T00:46:50.217Z",
        "updated_at": "2017-06-11T00:46:50.217Z"
    }
},
{
    "model": "tickets.ticket",
    "pk": 7,
    "fields": {
        "key": "TEST-7",
        "summary": "This is ticket #7",
        "description": "\n# Utque erant et edentem suoque nox fertur\n\n## Tegi aurum inridet flumine auras natas vulnus\n\nLorem markdownum misit sudor, sine eodem libratum munus aristis tutos, hac.\nLonge mens vultus iurgia Iovem difficilis suus; ut erat mollis robore terga ei\nperque! Quae quos sacrorum custodit quaecumque harena fallis et modo hinc\n[recessu](http://venerat.com/), superorum Peleus, temptamenta. **Pudore** Sparte\nlentisciferumque nataque inpulsos et ille novat haec sollicitare Plura, levis\nvellet valuit, summo dum lutea viso. Solebat lintea ingentibus capillis dicta\nParidis seque quoquam [poposcit in](http://per.net/) Tempe vivacem.\n\n1. Nate nulli\n2. Coniunx hausi nunc Quirini Othrys\n3. Caede nascuntur ubera congreditur vincula ubi regis\n4. Spatium pectore amplexus ferunt ille instat cultores\n\nIllo dolores voluit Achaemenias unde theatris paventem secum ineamus minacia\nretro. Duplicataque siste suo recessit; opes albus moribunda referentem animam\nnulloque domini et laborent hac?\n\n## Senecta finita\n\nIovi nec aperire mihi mira respondit, qui exit vulnere aeterno dixerunt dat\ncorpus? Erit terrae, avidas; sola plenum, cauda edax et referre. Quater posuere:\nfacit mihi primaque remanet parte, eundo.\n",
        "project": 1,
        "reporter": 3,
        "assignee": 3,
        "ticket_type": 2,
        "status": 1,
        "workflow": 1,
        "created_at": "2017-06-11T00:46:50.220Z",
        "updated_at": "2017-06-11T00:46:50.220Z"
    }
},
{
    "model": "tickets.ticket",
    "pk": 8,
    "fields": {
        "key": "TEST-8",
        "summary": "This is ticket #8",
        "description": "\n# Utque erant et edentem suoque nox fertur\n\n## Tegi aurum inridet flumine auras natas vulnus\n\nLorem markdownum misit sudor, sine eodem libratum munus aristis tutos, hac.\nLonge mens vultus iurgia Iovem difficilis suus; ut erat mollis robore terga ei\nperque! Quae quos sacrorum custodit quaecumque harena fallis et modo hinc\n[recessu](http://venerat.com/), superorum Peleus, temptamenta. **Pudore** Sparte\nlentisciferumque nataque inpulsos et ille novat haec sollicitare Plura, levis\nvellet valuit, summo dum lutea viso. Solebat lintea ingentibus capillis dicta\nParidis seque quoquam [poposcit in](http://per.net/) Tempe vivacem.\n\n1. Nate nulli\n2. Coniunx hausi nunc Quirini Othrys\n3. Caede nascuntur ubera congreditur vincula ubi regis\n4. Spatium pectore amplexus ferunt ille instat cultores\n\nIllo dolores voluit Achaemenias unde theatris paventem secum ineamus minacia\nretro. Duplicataque siste suo recessit; opes albus moribunda referentem animam\nnulloque domini et laborent hac?\n\n## Senecta finita\n\nIovi nec aperire mihi mira respondit, qui exit vulnere aeterno dixerunt dat\ncorpus? Erit terrae, avidas; sola plenum, cauda edax et referre. Quater posuere:\nfacit mihi primaque remanet parte, eundo.\n",
        "project": 1,
        "reporter": 2,
        "assignee": 3,
        "ticket_type": 1,
        "status": 1,
        "workflow": 1,
        "created_at": "2017-06-11T00:46:50.222Z",
        "updated_at": "2017-06-11T00:46:50.222Z"
    }
},
{
    "model": "tickets.ticket",
    "pk": 9,
    "fields": {
        "key": "TEST-9",
        "summary": "This is ticket #9",
        "description": "\n# Utque erant et edentem suoque nox fertur\n\n## Tegi aurum inridet flumine auras natas vulnus\n\nLorem markdownum misit sudor, sine eodem libratum munus aristis tutos, hac.\nLonge mens vultus iurgia Iovem difficilis suus; ut erat mollis robore terga ei\nperque! Quae quos sacrorum custodit quaecumque harena fallis et modo hinc\n[recessu](http://venerat.com/), superorum Peleus, temptamenta. **Pudore** Sparte\nlentisciferumque nataque inpulsos et ille novat haec sollicitare Plura, levis\nvellet valuit, summo dum lutea viso. Solebat lintea ingentibus capillis dicta\nParidis seque quoquam [poposcit in](http://per.net/) Tempe vivacem.\n\n1. Nate nulli\n2. Coniunx hausi nunc Quirini Othrys\n3. Caede nascuntur ubera congreditur vincula ubi regis\n4. Spatium pectore amplexus ferunt ille instat cultores\n\nIllo dolores voluit Achaemenias unde theatris paventem secum ineamus minacia\nretro. Duplicataque siste suo recessit; opes albus moribunda referentem animam\nnulloque domini et laborent hac?\n\n## Senecta finita\n\nIovi nec aperire mihi mira respondit, qui exit vulnere aeterno dixerunt dat\ncorpus? Erit terrae, avidas; sola plenum, cauda edax et referre. Quater posuere:\nfacit mihi primaque remanet parte, eundo.\n",
        "project": 1,
        "reporter": 3,
        "assignee": 3,
        "ticket_type": 2,
        "status": 1,
        "workflow": 1,
        "created_at": "2017-06-11T00:46:50.224Z",
        "updated_at": "2017-06-11T00:46:50.224Z"
    }
},
{
    "model": "tickets.ticket",
    "pk": 10,
    "fields": {
        "key": "TEST-10",
        "summary": "This is ticket #10",
        "description": "\n# Utque erant et edentem suoque nox fertur\n\n## Tegi aurum inridet flumine auras natas vulnus\n\nLorem markdownum misit sudor, sine eodem libratum munus aristis tutos, hac.\nLonge mens vultus iurgia Iovem difficilis suus; ut erat mollis robore terga ei\nperque! Quae quos sacrorum custodit quaecumque harena fallis et modo hinc\n[recessu](http://venerat.com/), superorum Peleus, temptamenta. **Pudore** Sparte\nlentisciferumque nataque inpulsos et ille novat haec sollicitare Plura, levis\nvellet valuit, summo dum lutea viso. Solebat lintea ingentibus capillis dicta\nParidis seque quoquam [poposcit in](http://per.net/) Tempe vivacem.\n\n1. Nate nulli\n2. Coniunx hausi nunc Quirini Othrys\n3. Caede nascuntur ubera congreditur vincula ubi regis\n4. Spatium pectore amplexus ferunt ille instat cultores\n\nIllo dolores voluit Achaemenias unde theatris paventem secum ineamus minacia\nretro. Duplicataque siste suo recessit; opes albus moribunda referentem animam\nnulloque domini et laborent hac?\n\n## Senecta finita\n\nIovi nec aperire mihi mira respondit, qui exit vulnere aeterno dixerunt dat\ncorpus? Erit terrae, avidas; sola plenum, cauda edax et referre. Quater posuere:\nfacit mihi primaque remanet parte, eundo.\n",
        "project": 1,
        "reporter": 2,
        "assignee": 3,
        "ticket_type": 1,
        "status": 1,
        "workflow": 1,
        "created_at": "2017-06-11T00:46:50.226Z",
        "updated_at": "2017-06-11T00:46:50.226Z"
    }
},
{
    "model": "tickets.ticket",
    "pk": 11,
    "fields": {
        "key": "TEST-11",
        "summary": "This is ticket #11",
        "description": "\n# Utque erant et edentem suoque nox fertur\n\n## Tegi aurum inridet flumine auras natas vulnus\n\nLorem markdownum misit sudor, sine eodem libratum munus aristis tutos, hac.\nLonge mens vultus iurgia Iovem difficilis suus; ut erat mollis robore terga ei\nperque! Quae quos sacrorum custodit quaecumque harena fallis et modo hinc\n[recessu](http://venerat.com/), superorum Peleus, temptamenta. **Pudore** Sparte\nlentisciferumque nataque inpulsos et ille novat haec sollicitare Plura, levis\nvellet valuit, summo dum lutea viso. Solebat lintea ingentibus capillis dicta\nParidis seque quoquam [poposcit in](http://per.net/) Tempe vivacem.\n\n1. Nate nulli\n2. Coniunx hausi nunc Quirini Othrys\n3. Caede nascuntur ubera congreditur vincula ubi regis\n4. Spatium pectore amplexus ferunt ille instat cultores\n\nIllo dolores voluit Achaemenias unde theatris paventem secum ineamus minacia\nretro. Duplicataque siste suo recessit; opes albus moribunda referentem animam\nnulloque domini et laborent hac?\n\n## Senecta finita\n\nIovi nec aperire mihi mira respondit, qui exit vulnere aeterno dixerunt dat\ncorpus? Erit terrae, avidas; sola plenum, cauda edax et referre. Quater posuere:\nfacit mihi primaque remanet parte, eundo.\n",
        "project": 1,
        "reporter": 3,
        "assignee": 2,
        "ticket_type": 2,
        "status": 1,
        "workflow": 1,
        "created_at": "2017-06-11T00:46:50.228Z",
        "updated_at": "2017-06-11T00:46:50.228Z"
    }
},
{
    "model": "tickets.ticket",
    "pk": 12,
    "fields": {
        "key": "TEST-12",
        "summary": "This is ticket #12",
        "description": "\n# Utque erant et edentem suoque nox fertur\n\n## Tegi aurum inridet flumine auras natas vulnus\n\nLorem markdownum misit sudor, sine eodem libratum munus aristis tutos, hac.\nLonge mens vultus iurgia Iovem difficilis suus; ut erat mollis robore terga ei\nperque! Quae quos sacrorum custodit quaecumque harena fallis et modo hinc\n[recessu](http://venerat.com/), superorum Peleus, temptamenta. **Pudore** Sparte\nlentisciferumque nataque inpulsos et ille novat haec sollicitare Plura, levis\nvellet valuit, summo dum lutea viso. Solebat lintea ingentibus capillis dicta\nParidis seque quoquam [poposcit in](http://per.net/) Tempe vivacem.\n\n1. Nate nulli\n2. Coniunx hausi nunc Quirini Othrys\n3. Caede nascuntur ubera congreditur vincula ubi regis\n4. Spatium pectore amplexus ferunt ille instat cultores\n\nIllo dolores voluit Achaemenias unde theatris paventem secum ineamus minacia\nretro. Duplicataque siste suo recessit; opes albus moribunda referentem animam\nnulloque domini et laborent hac?\n\n## Senecta finita\n\nIovi nec aperire mihi mira respondit, qui exit vulnere aeterno dixerunt dat\ncorpus? Erit terrae, avidas; sola plenum, cauda edax et referre. Quater posuere:\nfacit mihi primaque remanet parte, eundo.\n",
        "project": 1,
        "reporter": 3,
        "assignee": 2,
        "ticket_type": 1,
        "status": 1,
        "workflow": 1,
        "created_at": "2017-06-11T00:46:50.229Z",
        "updated_at": "2017-06-11T00:46:50.229Z"
    }
},
{
    "model": "tickets.ticket",
    "pk": 13,
    "fields": {
        "key": "TEST-13",
        "summary": "This is ticket #13",
        "description": "\n# Utque erant et edentem suoque nox fertur\n\n## Tegi aurum inridet flumine auras natas vulnus\n\nLorem markdownum misit sudor, sine eodem libratum munus aristis tutos, hac.\nLonge mens vultus iurgia Iovem difficilis suus; ut erat mollis robore terga ei\nperque! Quae quos sacrorum custodit quaecumque harena fallis et modo hinc\n[recessu](http://venerat.com/), superorum Peleus, temptamenta. **Pudore** Sparte\nlentisciferumque nataque inpulsos et ille novat haec sollicitare Plura, levis\nvellet valuit, summo dum lutea viso. Solebat lintea ingentibus capillis dicta\nParidis seque quoquam [poposcit in](http://per.net/) Tempe vivacem.\n\n1. Nate nulli\n2. Coniunx hausi nunc Quirini Othrys\n3. Caede nascuntur ubera congreditur vincula ubi regis\n4. Spatium pectore amplexus ferunt ille instat cultores\n\nIllo dolores voluit Achaemenias unde theatris paventem secum ineamus minacia\nretro. Duplicataque siste suo recessit; opes albus moribunda referentem animam\nnulloque domini et laborent hac?\n\n## Senecta finita\n\nIovi nec aperire mihi mira respondit, qui exit vulnere aeterno dixerunt dat\ncorpus? Erit terrae, avidas; sola plenum, cauda edax et referre. Quater posuere:\nfacit mihi primaque remanet parte, eundo.\n",
        "project": 1,
        "reporter": 3,
        "assignee": 2,
        "ticket_type": 3,
        "status": 1,
        "workflow": 1,
        "created_at": "2017-06-11T00:46:50.231Z",
        "updated_at": "2017-06-11T00:46:50.231Z"
    }
},
{
    "model": "tickets.ticket",
    "pk": 14,
    "fields": {
        "key": "TEST-14",
        "summary": "This is ticket #14",
        "description": "\n# Utque erant et edentem suoque nox fertur\n\n## Tegi aurum inridet flumine auras natas vulnus\n\nLorem markdownum misit sudor, sine eodem libratum munus aristis tutos, hac.\nLonge mens vultus iurgia Iovem difficilis suus; ut erat mollis robore terga ei\nperque! Quae quos sacrorum custodit quaecumque harena fallis et modo hinc\n[recessu](http://venerat.com/), superorum Peleus, temptamenta. **Pudore** Sparte\nlentisciferumque nataque inpulsos et ille novat haec sollicitare Plura, levis\nvellet valuit, summo dum lutea viso. Solebat lintea ingentibus capillis dicta\nParidis seque quoquam [poposcit in](http://per.net/) Tempe vivacem.\n\n1. Nate nulli\n2. Coniunx hausi nunc Quirini Othrys\n3. Caede nascuntur ubera congreditur vincula ubi regis\n4. Spatium pectore amplexus ferunt ille instat cultores\n\nIllo dolores voluit Achaemenias unde theatris paventem secum ineamus minacia\nretro. Duplicataque siste suo recessit; opes albus moribunda referentem animam\nnulloque domini et laborent hac?\n\n## Senecta finita\n\nIovi nec aperire mihi mira respondit, qui exit vulnere aeterno dixerunt dat\ncorpus? Erit terrae, avidas; sola plenum, cauda edax et referre. Quater posuere:\nfacit mihi primaque remanet parte, eundo.\n",
        "project": 1,
        "reporter": 2,
        "assignee": 2,
        "ticket_type": 3,
        "status": 1,
        "workflow": 1,
        "created_at": "2017-06-11T00:46:50.233Z",
        "updated_at": "2017-06-11T00:46:50.233Z"
    }
},
{
    "model": "tickets.ticket",
    "pk": 15,
    "fields": {
        "key": "TEST-15",
        "summary": "This is ticket #15",
        "description": "\n# Utque erant et edentem suoque nox fertur\n\n## Tegi aurum inridet flumine auras natas vulnus\n\nLorem markdownum misit sudor, sine eodem libratum munus aristis tutos, hac.\nLonge mens vultus iurgia Iovem difficilis suus; ut erat mollis robore terga ei\nperque! Quae quos sacrorum custodit quaecumque harena fallis et modo hinc\n[recessu](http://venerat.com/), superorum Peleus, temptamenta. **Pudore** Sparte\nlentisciferumque nataque inpulsos et ille novat haec sollicitare Plura, levis\nvellet valuit, summo dum lutea viso. Solebat lintea ingentibus capillis dicta\nParidis seque quoquam [poposcit in](http://per.net/) Tempe vivacem.\n\n1. Nate nulli\n2. Coniunx hausi nunc Quirini Othrys\n3. Caede nascuntur ubera congreditur vincula ubi regis\n4. Spatium pectore amplexus ferunt ille instat cultores\n\nIllo dolores voluit Achaemenias unde theatris paventem secum ineamus minacia\nretro. Duplicataque siste suo recessit; opes albus moribunda referentem animam\nnulloque domini et laborent hac?\n\n## Senecta finita\n\nIovi nec aperire mihi mira respondit, qui exit vulnere aeterno dixerunt dat\ncorpus? Erit terrae, avidas; sola plenum, cauda edax et referre. Quater posuere:\nfacit mihi primaque remanet parte, eundo.\n",
        "project": 1,
        "reporter": 2,
        "assignee": 2,
        "ticket_type": 2,
        "status": 1,
        "workflow": 1,
        "created_at": "2017-06-11T00:46:50.235Z",
        "updated_at": "2017-06-11T00:46:50.235Z"
    }
},
{
    "model": "tickets.ticket",
    "pk": 16,
    "fields": {
        "key": "TEST-16",
        "summary": "This is ticket #16",
        "description": "\n# Utque erant et edentem suoque nox fertur\n\n## Tegi aurum inridet flumine auras natas vulnus\n\nLorem markdownum misit sudor, sine eodem libratum munus aristis tutos, hac.\nLonge mens vultus iurgia Iovem difficilis suus; ut erat mollis robore terga ei\nperque! Quae quos sacrorum custodit quaecumque harena fallis et modo hinc\n[recessu](http://venerat.com/), superorum Peleus, temptamenta. **Pudore** Sparte\nlentisciferumque nataque inpulsos et ille novat haec sollicitare Plura, levis\nvellet valuit, summo dum lutea viso. Solebat lintea ingentibus capillis dicta\nParidis seque quoquam [poposcit in](http://per.net/) Tempe vivacem.\n\n1. Nate nulli\n2. Coniunx hausi nunc Quirini Othrys\n3. Caede nascuntur ubera congreditur vincula ubi regis\n4. Spatium pectore amplexus ferunt ille instat cultores\n\nIllo dolores voluit Achaemenias unde theatris paventem secum ineamus minacia\nretro. Duplicataque siste suo recessit; opes albus moribunda referentem animam\nnulloque domini et laborent hac?\n\n## Senecta finita\n\nIovi nec aperire mihi mira respondit, qui exit vulnere aeterno dixerunt dat\ncorpus? Erit terrae, avidas; sola plenum, cauda edax et referre. Quater posuere:\nfacit mihi primaque remanet parte, eundo.\n",
        "project": 1,
        "reporter": 2,
        "assignee": 2,
        "ticket_type": 3,
        "status": 1,
        "workflow": 1,
        "created_at": "2017-06-11T00:46:50.237Z",
        "updated_at": "2017-06-11T00:46:50.237Z"
    }
},
{
    "model": "tickets.ticket",
    "pk": 17,
    "fields": {
        "key": "TEST-17",
        "summary": "This is ticket #17",
        "description": "\n# Utque erant et edentem suoque nox fertur\n\n## Tegi aurum inridet flumine auras natas vulnus\n\nLorem markdownum misit sudor, sine eodem libratum munus aristis tutos, hac.\nLonge mens vultus iurgia Iovem difficilis suus; ut erat mollis robore terga ei\nperque! Quae quos sacrorum custodit quaecumque harena fallis et modo hinc\n[recessu](http://venerat.com/), superorum Peleus, temptamenta. **Pudore** Sparte\nlentisciferumque nataque inpulsos et ille novat haec sollicitare Plura, levis\nvellet valuit, summo dum lutea viso. Solebat lintea ingentibus capillis dicta\nParidis seque quoquam [poposcit in](http://per.net/) Tempe vivacem.\n\n1. Nate nulli\n2. Coniunx hausi nunc Quirini Othrys\n3. Caede nascuntur ubera congreditur vincula ubi regis\n4. Spatium pectore amplexus ferunt ille instat cultores\n\nIllo dolores voluit Achaemenias unde theatris paventem secum ineamus minacia\nretro. Duplicataque siste suo recessit; opes albus moribunda referentem animam\nnulloque domini et laborent hac?\n\n## Senecta finita\n\nIovi nec aperire mihi mira respondit, qui exit vulnere aeterno dixerunt dat\ncorpus? Erit terrae, avidas; sola plenum, cauda edax et referre. Quater posuere:\nfacit mihi primaque remanet parte, eundo.\n",
        "project": 1,
        "reporter": 2,
        "assignee": 2,
        "ticket_type": 2,
        "status": 1,
        "workflow": 1,
        "created_at": "2017-06-11T00:46:50.239Z",
        "updated_at": "2017-06-11T00:46:50.239Z"
    }
},
{
    "model": "tickets.ticket",
    "pk": 18,
    "fields": {
        "key": "TEST-18",
        "summary": "This is ticket #18",
        "description": "\n# Utque erant et edentem suoque nox fertur\n\n## Tegi aurum inridet flumine auras natas vulnus\n\nLorem markdownum misit sudor, sine eodem libratum munus aristis tutos, hac.\nLonge mens vultus iurgia Iovem difficilis suus; ut erat mollis robore terga ei\nperque! Quae quos sacrorum custodit quaecumque harena fallis et modo hinc\n[recessu](http://venerat.com/), superorum Peleus, temptamenta. **Pudore** Sparte\nlentisciferumque nataque inpulsos et ille novat haec sollicitare Plura, levis\nvellet valuit, summo dum lutea viso. Solebat lintea ingentibus capillis dicta\nParidis seque quoquam [poposcit in](http://per.net/) Tempe vivacem.\n\n1. Nate nulli\n2. Coniunx hausi nunc Quirini Othrys\n3. Caede nascuntur ubera congreditur vincula ubi regis\n4. Spatium pectore amplexus ferunt ille instat cultores\n\nIllo dolores voluit Achaemenias unde theatris paventem secum ineamus minacia\nretro. Duplicataque siste suo recessit; opes albus moribunda referentem animam\nnulloque domini et laborent hac?\n\n## Senecta finita\n\nIovi nec aperire mihi mira respondit, qui exit vulnere aeterno dixerunt dat\ncorpus? Erit terrae, avidas; sola plenum, cauda edax et referre. Quater posuere:\nfacit mihi primaque remanet parte, eundo.\n",
        "project": 1,
        "reporter": 3,
        "assignee": 2,
        "ticket_type": 2,
        "status": 1,
        "workflow": 1,
        "created_at": "2017-06-11T00:46:50.241Z",
        "updated_at": "2017-06-11T00:46:50.241Z"
    }
},
{
    "model": "tickets.ticket",
    "pk": 19,
    "fields": {
        "key": "TEST-19",
        "summary": "This is ticket #19",
        "description": "\n# Utque erant et edentem suoque nox fertur\n\n## Tegi aurum inridet flumine auras natas vulnus\n\nLorem markdownum misit sudor, sine eodem libratum munus aristis tutos, hac.\nLonge mens vultus iurgia Iovem difficilis suus; ut erat mollis robore terga ei\nperque! Quae quos sacrorum custodit quaecumque harena fallis et modo hinc\n[recessu](http://venerat.com/), superorum Peleus, temptamenta. **Pudore** Sparte\nlentisciferumque nataque inpulsos et ille novat haec sollicitare Plura, levis\nvellet valuit, summo dum lutea viso. Solebat lintea ingentibus capillis dicta\nParidis seque quoquam [poposcit in](http://per.net/) Tempe vivacem.\n\n1. Nate nulli\n2. Coniunx hausi nunc Quirini Othrys\n3. Caede nascuntur ubera congreditur vincula ubi regis\n4. Spatium pectore amplexus ferunt ille instat cultores\n\nIllo dolores voluit Achaemenias unde theatris paventem secum ineamus minacia\nretro. Duplicataque siste suo recessit; opes albus moribunda referentem animam\nnulloque domini et laborent hac?\n\n## Senecta finita\n\nIovi nec aperire mihi mira respondit, qui exit vulnere aeterno dixerunt dat\ncorpus? Erit terrae, avidas; sola plenum, cauda edax et referre. Quater posuere:\nfacit mihi primaque remanet parte, eundo.\n",
        "project": 1,
        "reporter": 3,
        "assignee": 3,
        "ticket_type": 1,
        "status": 1,
        "workflow": 1,
        "created_at": "2017-06-11T00:46:50.245Z",
        "updated_at": "2017-06-11T00:46:50.245Z"
    }
},
{
    "model": "tickets.ticket",
    "pk": 20,
    "fields": {
        "key": "TEST-20",
        "summary": "This is ticket #20",
        "description": "\n# Utque erant et edentem suoque nox fertur\n\n## Tegi aurum inridet flumine auras natas vulnus\n\nLorem markdownum misit sudor, sine eodem libratum munus aristis tutos, hac.\nLonge mens vultus iurgia Iovem difficilis suus; ut erat mollis robore terga ei\nperque! Quae quos sacrorum custodit quaecumque harena fallis et modo hinc\n[recessu](http://venerat.com/), superorum Peleus, temptamenta. **Pudore** Sparte\nlentisciferumque nataque inpulsos et ille novat haec sollicitare Plura, levis\nvellet valuit, summo dum lutea viso. Solebat lintea ingentibus capillis dicta\nParidis seque quoquam [poposcit in](http://per.net/) Tempe vivacem.\n\n1. Nate nulli\n2. Coniunx hausi nunc Quirini Othrys\n3. Caede nascuntur ubera congreditur vincula ubi regis\n4. Spatium pectore amplexus ferunt ille instat cultores\n\nIllo dolores voluit Achaemenias unde theatris paventem secum ineamus minacia\nretro. Duplicataque siste suo recessit; opes albus moribunda referentem animam\nnulloque domini et laborent hac?\n\n## Senecta finita\n\nIovi nec aperire mihi mira respondit, qui exit vulnere aeterno dixerunt dat\ncorpus? Erit terrae, avidas; sola plenum, cauda edax et referre. Quater posuere:\nfacit mihi primaque remanet parte, eundo.\n",
        "project": 1,
        "reporter": 2,
        "assignee": 2,
        "ticket_type": 2,
        "status": 1,
        "workflow": 1,
        "created_at": "2017-06-11T00:46:50.250Z",
        "updated_at": "2017-06-11T00:46:50.250Z"
    }
},
{
    "model": "tickets.ticket",
    "pk": 21,
    "fields": {
        "key": "TEST-21",
        "summary": "This is ticket #21",
        "description": "\n# Utque erant et edentem suoque nox fertur\n\n## Tegi aurum inridet flumine auras natas vulnus\n\nLorem markdownum misit sudor, sine eodem libratum munus aristis tutos, hac.\nLonge mens vultus iurgia Iovem difficilis suus; ut erat mollis robore terga ei\nperque! Quae quos sacrorum custodit quaecumque harena fallis et modo hinc\n[recessu](http://venerat.com/), superorum Peleus, temptamenta. **Pudore** Sparte\nlentisciferumque nataque inpulsos et ille novat haec sollicitare Plura, levis\nvellet valuit, summo dum lutea viso. Solebat lintea ingentibus capillis dicta\nParidis seque quoquam [poposcit in](http://per.net/) Tempe vivacem.\n\n1. Nate nulli\n2. Coniunx hausi nunc Quirini Othrys\n3. Caede nascuntur ubera congreditur vincula ubi regis\n4. Spatium pectore amplexus ferunt ille instat cultores\n\nIllo dolores voluit Achaemenias unde theatris paventem secum ineamus minacia\nretro. Duplicataque siste suo recessit; opes albus moribunda referentem animam\nnulloque domini et laborent hac?\n\n## Senecta finita\n\nIovi nec aperire mihi mira respondit, qui exit vulnere aeterno dixerunt dat\ncorpus? Erit terrae, avidas; sola plenum, cauda edax et referre. Quater posuere:\nfacit mihi primaque remanet parte, eundo.\n",
        "project": 1,
        "reporter": 3,
        "assignee": 2,
        "ticket_type": 2,
        "status": 1,
        "workflow": 1,
        "created_at": "2017-06-11T00:46:50.253Z",
        "updated_at": "2017-06-11T00:46:50.253Z"
    }
},
{
    "model": "tickets.ticket",
    "pk": 22,
    "fields": {
        "key": "TEST-22",
        "summary": "This is ticket #22",
        "description": "\n# Utque erant et edentem suoque nox fertur\n\n## Tegi aurum inridet flumine auras natas vulnus\n\nLorem markdownum misit sudor, sine eodem libratum munus aristis tutos, hac.\nLonge mens vultus iurgia Iovem difficilis suus; ut erat mollis robore terga ei\nperque! Quae quos sacrorum custodit quaecumque harena fallis et modo hinc\n[recessu](http://venerat.com/), superorum Peleus, temptamenta. **Pudore** Sparte\nlentisciferumque nataque inpulsos et ille novat haec sollicitare Plura, levis\nvellet valuit, summo dum lutea viso. Solebat lintea ingentibus capillis dicta\nParidis seque quoquam [poposcit in](http://per.net/) Tempe vivacem.\n\n1. Nate nulli\n2. Coniunx hausi nunc Quirini Othrys\n3. Caede nascuntur ubera congreditur vincula ubi regis\n4. Spatium pectore amplexus ferunt ille instat cultores\n\nIllo dolores voluit Achaemenias unde theatris paventem secum ineamus minacia\nretro. Duplicataque siste suo recessit; opes albus moribunda referentem animam\nnulloque domini et laborent hac?\n\n## Senecta finita\n\nIovi nec aperire mihi mira respondit, qui exit vulnere aeterno dixerunt dat\ncorpus? Erit terrae, avidas; sola plenum, cauda edax et referre. Quater posuere:\nfacit mihi primaque remanet parte, eundo.\n",
        "project": 1,
        "reporter": 2,
        "assignee": 3,
        "ticket_type": 1,
        "status": 1,
        "workflow": 1,
        "created_at": "2017-06-11T00:46:50.256Z",
        "updated_at": "2017-06-11T00:46:50.256Z"
    }
},
{
    "model": "tickets.ticket",
    "pk": 23,
    "fields": {
        "key": "TEST-23",
        "summary": "This is ticket #23",
        "description": "\n# Utque erant et edentem suoque nox fertur\n\n## Tegi aurum inridet flumine auras natas vulnus\n\nLorem markdownum misit sudor, sine eodem libratum munus aristis tutos, hac.\nLonge mens vultus iurgia Iovem difficilis suus; ut erat mollis robore terga ei\nperque! Quae quos sacrorum custodit quaecumque harena fallis et modo hinc\n[recessu](http://venerat.com/), superorum Peleus, temptamenta. **Pudore** Sparte\nlentisciferumque nataque inpulsos et ille novat haec sollicitare Plura, levis\nvellet valuit, summo dum lutea viso. Solebat lintea ingentibus capillis dicta\nParidis seque quoquam [poposcit in](http://per.net/) Tempe vivacem.\n\n1. Nate nulli\n2. Coniunx hausi nunc Quirini Othrys\n3. Caede nascuntur ubera congreditur vincula ubi regis\n4. Spatium pectore amplexus ferunt ille instat cultores\n\nIllo dolores voluit Achaemenias unde theatris paventem secum ineamus minacia\nretro. Duplicataque siste suo recessit; opes albus moribunda referentem animam\nnulloque domini et laborent hac?\n\n## Senecta finita\n\nIovi nec aperire mihi mira respondit, qui exit vulnere aeterno dixerunt dat\ncorpus? Erit terrae, avidas; sola plenum, cauda edax et referre. Quater posuere:\nfacit mihi primaque remanet parte, eundo.\n",
        "project": 1,
        "reporter": 2,
        "assignee": 2,
        "ticket_type": 1,
        "status": 1,
        "workflow": 1,
        "created_at": "2017-06-11T00:46:50.259Z",
        "updated_at": "2017-06-11T00:46:50.259Z"
    }
},
{
    "model": "tickets.ticket",
    "pk": 24,
    "fields": {
        "key": "TEST-24",
        "summary": "This is ticket #24",
        "description": "\n# Utque erant et edentem suoque nox fertur\n\n## Tegi aurum inridet flumine auras natas vulnus\n\nLorem markdownum misit sudor, sine eodem libratum munus aristis tutos, hac.\nLonge mens vultus iurgia Iovem difficilis suus; ut erat mollis robore terga ei\nperque! Quae quos sacrorum custodit quaecumque harena fallis et modo hinc\n[recessu](http://venerat.com/), superorum Peleus, temptamenta. **Pudore** Sparte\nlentisciferumque nataque inpulsos et ille novat haec sollicitare Plura, levis\nvellet valuit, summo dum lutea viso. Solebat lintea ingentibus capillis dicta\nParidis seque quoquam [poposcit in](http://per.net/) Tempe vivacem.\n\n1. Nate nulli\n2. Coniunx hausi nunc Quirini Othrys\n3. Caede nascuntur ubera congreditur vincula ubi regis\n4. Spatium pectore amplexus ferunt ille instat cultores\n\nIllo dolores voluit Achaemenias unde theatris paventem secum ineamus minacia\nretro. Duplicataque siste suo recessit; opes albus moribunda referentem animam\nnulloque domini et laborent hac?\n\n## Senecta finita\n\nIovi nec aperire mihi mira respondit, qui exit vulnere aeterno dixerunt dat\ncorpus? Erit terrae, avidas; sola plenum, cauda edax et referre. Quater posuere:\nfacit mihi primaque remanet parte, eundo.\n",
        "project": 1,
        "reporter": 2,
        "assignee": 2,
        "ticket_type": 1,
        "status": 1,
        "workflow": 1,
        "created_at": "2017-06-11T00:46:50.262Z",
        "updated_at": "2017-06-11T00:46:50.262Z"
    }
},
{
    "model": "tickets.ticket",
    "pk": 25,
    "fields": {
        "key": "TEST-25",
        "summary": "This is ticket #25",
        "description": "\n# Utque erant et edentem suoque nox fertur\n\n## Tegi aurum inridet flumine auras natas vulnus\n\nLorem markdownum misit sudor, sine eodem libratum munus aristis tutos, hac.\nLonge mens vultus iurgia Iovem difficilis suus; ut erat mollis robore terga ei\nperque! Quae quos sacrorum custodit quaecumque harena fallis et modo hinc\n[recessu](http://venerat.com/), superorum Peleus, temptamenta. **Pudore** Sparte\nlentisciferumque nataque inpulsos et ille novat haec sollicitare Plura, levis\nvellet valuit, summo dum lutea viso. Solebat lintea ingentibus capillis dicta\nParidis seque quoquam [poposcit in](http://per.net/) Tempe vivacem.\n\n1. Nate nulli\n2. Coniunx hausi nunc Quirini Othrys\n3. Caede nascuntur ubera congreditur vincula ubi regis\n4. Spatium pectore amplexus ferunt ille instat cultores\n\nIllo dolores voluit Achaemenias unde theatris paventem secum ineamus minacia\nretro. Duplicataque siste suo recessit; opes albus moribunda referentem animam\nnulloque domini et laborent hac?\n\n## Senecta finita\n\nIovi nec aperire mihi mira respondit, qui exit vulnere aeterno dixerunt dat\ncorpus? Erit terrae, avidas; sola plenum, cauda edax et referre. Quater posuere:\nfacit mihi primaque remanet parte, eundo.\n",
        "project": 1,
        "reporter": 3,
        "assignee": 3,
        "ticket_type": 2,
        "status": 1,
        "workflow": 1,
        "created_at": "2017-06-11T00:46:50.264Z",
        "updated_at": "2017-06-11T00:46:50.264Z"
    }
},
{
    "model": "projects.project",
    "pk": 1,
    "fields": {
        "lead": 2,
        "name": "Dummy Project",
        "key": "TEST",
        "description": "",
        "icon_url": "",
        "homepage": "",
        "repo": "",
        "created_at": "2017-06-11T00:46:50.181Z",
        "updated_at": "2017-06-11T00:46:50.181Z"
    }
}
]
